USE biblioteca;

-- Tabela Tipo Movimentação --
INSERT INTO tipo_mov (id_tipo, tipo) VALUES
(1, 'EMPRESTIMO'),
(2, 'RESERVA');

-- Tabela Gênero --
INSERT INTO genero (id_genero, genero) VALUES
(1, 'Romance'),
(2, 'Ficção Científica'),
(3, 'Fantasia'),
(4, 'Mistério'),
(5, 'Drama'),
(6, 'Clássico'),
(7, 'Terror'),
(8, 'Aventura'),
(9, 'Literatura Infantil'),
(10, 'Biografia');

-- Tabela Autor --
INSERT INTO autor (id_autor, nome, nacionalidade, dt_nascimento, livros_publicados) VALUES
(1, 'William Shakespeare', 'Inglês', '1564-04-26', 42),
(2, 'Jane Austen', 'Inglesa', '1775-12-16', 6),
(3, 'Charles Dickens', 'Inglês', '1812-02-07', 20),
(4, 'J.K. Rowling', 'Britânica', '1965-07-31', 15),
(5, 'George Orwell', 'Britânico', '1903-06-25', 9),
(6, 'Agatha Christie', 'Britânica', '1890-09-15', 85),
(7, 'Mark Twain', 'Americano', '1835-11-30', 28),
(8, 'Ernest Hemingway', 'Americano', '1899-07-21', 15),
(9, 'F. Scott Fitzgerald', 'Americano', '1896-09-24', 5),
(10, 'J.R.R. Tolkien', 'Britânico', '1892-01-03', 25),
(11, 'Leo Tolstoy', 'Russo', '1828-09-09', 48),
(12, 'Fyodor Dostoevsky', 'Russo', '1821-11-11', 19),
(13, 'Gabriel García Márquez', 'Colombiano', '1927-03-06', 25),
(14, 'Isabel Allende', 'Chilena', '1942-08-02', 24),
(15, 'Paulo Coelho', 'Brasileiro', '1947-08-24', 30),
(16, 'Machado de Assis', 'Brasileiro', '1839-06-21', 25),
(17, 'Clarice Lispector', 'Brasileira', '1920-12-10', 29),
(18, 'Jorge Amado', 'Brasileiro', '1912-08-10', 32),
(19, 'Franz Kafka', 'Tcheco', '1883-07-03', 11),
(20, 'Victor Hugo', 'Francês', '1802-02-26', 18),
(21, 'Marcel Proust', 'Francês', '1871-07-10', 7),
(22, 'Albert Camus', 'Francês', '1913-11-07', 10),
(23, 'Simone de Beauvoir', 'Francesa', '1908-01-09', 20),
(24, 'Haruki Murakami', 'Japonês', '1949-01-12', 14),
(25, 'Kenzaburo Oe', 'Japonês', '1935-01-31', 15),
(26, 'Stephen King', 'Americano', '1947-09-21', 65),
(27, 'Neil Gaiman', 'Britânico', '1960-11-10', 20),
(28, 'C.S. Lewis', 'Britânico', '1898-11-29', 40),
(29, 'Virginia Woolf', 'Britânica', '1882-01-25', 9),
(30, 'Emily Brontë', 'Britânica', '1818-07-30', 1),
(31, 'Herman Melville', 'Americano', '1819-08-01', 10),
(32, 'Ray Bradbury', 'Americano', '1920-08-22', 27),
(33, 'Aldous Huxley', 'Britânico', '1894-07-26', 11),
(34, 'Umberto Eco', 'Italiano', '1932-01-05', 10),
(35, 'Italo Calvino', 'Italiano', '1923-10-15', 30),
(36, 'José Saramago', 'Português', '1922-11-16', 20),
(37, 'Fernando Pessoa', 'Português', '1888-06-13', 25),
(38, 'Chinua Achebe', 'Nigeriano', '1930-11-16', 5),
(39, 'Toni Morrison', 'Americana', '1931-02-18', 11),
(40, 'Margaret Atwood', 'Canadense', '1939-11-18', 18);

-- Tabela Livro --
INSERT INTO livro (id_livro, titulo, ano_publicacao, descricao, disponibilidade, num_pag, id_genero, id_autor) VALUES
(1, 'Dom Casmurro', '1899-01-01', 'Obra clássica da literatura brasileira, retrata a dúvida de um homem sobre a fidelidade de sua esposa.', 3, 256, 1, 16),
(2, 'Harry Potter e a Pedra Filosofal', '1997-06-26', 'O início da saga do jovem bruxo que descobre seus poderes e vai para Hogwarts.', 5, 320, 3, 4),
(3, '1984', '1949-06-08', 'Distopia política sobre um regime totalitário que vigia todos os cidadãos.', 2, 328, 2, 5),
(4, 'O Senhor dos Anéis: A Sociedade do Anel', '1954-07-29', 'Grupo parte em jornada para destruir o Um Anel.', 4, 423, 3, 10),
(5, 'Cem Anos de Solidão', '1967-05-30', 'Saga multigeracional da família Buendía na fictícia Macondo.', 2, 417, 5, 13),
(6, 'O Código Da Vinci', '2003-03-18', 'Mistério envolvendo símbolos religiosos e segredos antigos.', 6, 454, 4, 27),
(7, 'O Pequeno Príncipe', '1943-04-06', 'Poético conto filosófico sobre um príncipe vindo de outro planeta.', 7, 96, 9, 37),
(8, 'Orgulho e Preconceito', '1813-01-28', 'Romance entre Elizabeth Bennet e o Sr. Darcy na Inglaterra rural.', 5, 279, 1, 2),
(9, 'Ensaio sobre a Cegueira', '1995-01-01', 'Cidade é afetada por uma epidemia de cegueira branca.', 3, 312, 5, 36),
(10, 'As Crônicas de Nárnia: O Leão, a Feiticeira e o Guarda-Roupa', '1950-10-16', 'Crianças encontram mundo mágico dentro de um guarda-roupa.', 4, 208, 3, 28),
(11, 'O Hobbit', '1937-09-21', 'Bilbo Bolseiro embarca numa jornada para recuperar um tesouro.', 3, 310, 3, 10),
(12, 'A Revolução dos Bichos', '1945-08-17', 'Fábula política sobre uma rebelião de animais contra humanos.', 3, 112, 2, 5),
(13, 'O Iluminado', '1977-01-28', 'Homem enlouquece em hotel isolado.', 2, 447, 7, 26),
(14, 'Memórias Póstumas de Brás Cubas', '1881-01-01', 'Narrador conta sua história após a morte.', 2, 256, 6, 16),
(15, 'A Metamorfose', '1915-10-01', 'Homem acorda transformado em um inseto gigante.', 2, 96, 5, 19),
(16, 'O Morro dos Ventos Uivantes', '1847-12-01', 'Paixão e vingança entre duas famílias rivais.', 2, 416, 1, 30),
(17, 'Capitães da Areia', '1937-01-01', 'Meninos de rua lutam por sobrevivência em Salvador.', 3, 288, 5, 18),
(18, 'O Nome da Rosa', '1980-01-01', 'Mistério em um mosteiro medieval.', 2, 502, 4, 34),
(19, 'Veronika Decide Morrer', '1998-01-01', 'Jovem tenta suicídio e é internada em clínica psiquiátrica.', 4, 192, 5, 15),
(20, 'A Casa dos Espíritos', '1982-01-01', 'Crônica de uma família chilena ao longo de gerações.', 3, 433, 5, 14),
(21, 'A Máquina do Tempo', '1895-05-01', 'Viagem ao futuro por um cientista.', 2, 118, 2, 3),
(22, 'A Divina Comédia', '1320-01-01', 'Viagem ao Inferno, Purgatório e Paraíso.', 1, 798, 6, 20),
(23, 'Ulisses', '1922-02-02', 'Um dia na vida de Leopold Bloom.', 1, 730, 6, 31),
(24, 'A Sangue Frio', '1966-09-25', 'Narrativa jornalística sobre um assassinato brutal.', 1, 343, 10, 22),
(25, 'O Estrangeiro', '1942-01-01', 'Homem indiferente é julgado por assassinato.', 2, 123, 5, 22),
(26, 'As Vinhas da Ira', '1939-04-14', 'Família migra após perder a fazenda durante a Grande Depressão.', 1, 464, 5, 8),
(27, 'A Guerra dos Tronos', '1996-08-06', 'Casas nobres disputam o trono dos Sete Reinos.', 4, 694, 3, 4),
(28, 'Os Miseráveis', '1862-04-03', 'Ex-prisioneiro busca redenção enquanto é perseguido.', 3, 1488, 6, 20),
(29, 'O Amor nos Tempos do Cólera', '1985-01-01', 'Amor duradouro entre Fermina e Florentino.', 2, 368, 1, 13),
(30, 'As Aventuras de Tom Sawyer', '1876-06-01', 'Travessuras de um garoto no Mississippi.', 2, 274, 8, 7),
(31, 'Neuromancer', '1984-07-01', 'Hackers e inteligência artificial em um futuro cyberpunk.', 2, 271, 2, 35),
(32, 'A Menina que Roubava Livros', '2005-03-14', 'Jovem sobrevive à Segunda Guerra usando livros.', 3, 480, 9, 39),
(33, 'Coraline', '2002-01-01', 'Menina descobre mundo alternativo sombrio.', 3, 192, 7, 27),
(34, 'A Hora da Estrela', '1977-10-01', 'Narrativa da vida simples e sofrida de uma nordestina.', 1, 96, 5, 17),
(35, 'Os Pilares da Terra', '1989-10-01', 'Construção de catedral na Idade Média.', 3, 973, 8, 27),
(36, 'O Silmarillion', '1977-09-15', 'Mitologia do universo de Tolkien.', 1, 365, 3, 10),
(37, 'As Brumas de Avalon', '1983-01-01', 'Versão feminina da lenda do Rei Arthur.', 2, 876, 3, 39),
(38, 'O Retrato de Dorian Gray', '1890-07-01', 'Homem permanece jovem enquanto retrato envelhece.', 1, 254, 6, 31),
(39, 'As Cidades Invisíveis', '1972-01-01', 'Relatos imaginários de Marco Polo ao imperador.', 2, 165, 6, 35),
(40, 'Anna Kariênina', '1877-04-01', 'Romance proibido de uma mulher da elite russa.', 1, 864, 1, 11);

-- Tabela Usuário --
INSERT INTO usuario (id_usuario, nome, email, telefone, dt_nascimento, cpf) VALUES
(1, 'Ana Beatriz Souza', 'ana.souza01@email.com', '11987654321', '1990-05-12', '12345678901'),
(2, 'Carlos Henrique Lima', 'carlos.hlima@email.com', '21999887766', '1985-09-23', '23456789012'),
(3, 'Juliana Ramos', 'juliana.r@email.com', '31988776655', '1992-02-17', '34567890123'),
(4, 'Rafael Duarte', 'rafael.duarte@email.com', '41977665544', '1988-11-05', '45678901234'),
(5, 'Mariana Costa', 'mariana.costa@email.com', '51966554433', '1995-07-30', '56789012345'),
(6, 'Lucas Ferreira', 'lucasf@email.com', '11999887766', '1993-03-21', '67890123456'),
(7, 'Fernanda Oliveira', 'fernanda.oliveira@email.com', '21988776655', '1991-06-10', '78901234567'),
(8, 'Bruno Martins', 'brunom@email.com', '31977665544', '1987-08-15', '89012345678'),
(9, 'Patrícia Gomes', 'patricia.g@email.com', '41966554433', '1996-04-28', '90123456789'),
(10, 'Felipe Andrade', 'felipe.andrade@email.com', '51955443322', '1994-10-03', '01234567890'),
(11, 'Aline Rocha', 'aline.rocha@email.com', '11988776655', '1990-01-19', '11223344556'),
(12, 'Eduardo Mello', 'eduardo.mello@email.com', '21977665544', '1989-09-07', '22334455667'),
(13, 'Tatiane Brito', 'tatiane.b@email.com', '31966554433', '1997-12-22', '33445566778'),
(14, 'Rodrigo Carvalho', 'rodrigo.c@email.com', '41955443322', '1993-05-11', '44556677889'),
(15, 'Camila Silva', 'camila.silva@email.com', '51944332211', '1986-02-26', '55667788990'),
(16, 'André Almeida', 'andre.almeida@email.com', '11977665544', '1991-08-09', '66778899001'),
(17, 'Larissa Pinto', 'larissa.pinto@email.com', '21966554433', '1992-11-17', '77889900112'),
(18, 'Thiago Moura', 'thiago.moura@email.com', '31955443322', '1988-03-04', '88990011223'),
(19, 'Renata Lima', 'renata.l@email.com', '41944332211', '1996-06-30', '99001122334'),
(20, 'Gustavo Ribeiro', 'gustavo.r@email.com', '51933221100', '1994-07-15', '10111213141'),
(21, 'Isabela Faria', 'isabela.faria@email.com', '11966554433', '1993-09-23', '21222324345'),
(22, 'Vinícius Azevedo', 'vinicius.a@email.com', '21955443322', '1990-10-01', '32333435356'),
(23, 'Natália Castro', 'natalia.castro@email.com', '31944332211', '1987-01-20', '43444546467'),
(24, 'Leandro Nunes', 'leandro.n@email.com', '41933221100', '1995-05-25', '54555657578'),
(25, 'Amanda Teixeira', 'amanda.teixeira@email.com', '51922110099', '1992-12-06', '65666768689'),
(26, 'Pedro Barros', 'pedro.barros@email.com', '11955443322', '1986-08-18', '76777879890'),
(27, 'Débora Vieira', 'debora.v@email.com', '21944332211', '1991-03-13', '87888980901'),
(28, 'Henrique Ramos', 'henrique.r@email.com', '31933221100', '1990-06-07', '98990090112'),
(29, 'Paula Mendes', 'paula.mendes@email.com', '41922110099', '1993-02-28', '09001112223'),
(30, 'Caio Torres', 'caio.torres@email.com', '51911009988', '1988-04-11', '10112223334'),
(31, 'Joana Cardoso', 'joana.cardoso@email.com', '11944332211', '1994-09-05', '11223334445'),
(32, 'Fábio Leal', 'fabio.leal@email.com', '21933221100', '1992-05-16', '22334445556'),
(33, 'Lívia Neves', 'livia.neves@email.com', '31922110099', '1989-11-09', '33445556667'),
(34, 'Matheus Tavares', 'matheus.t@email.com', '41911009988', '1996-01-03', '44556667778'),
(35, 'Bruna Reis', 'bruna.reis@email.com', '51999887766', '1991-07-22', '55667778889'),
(36, 'Otávio Cunha', 'otavio.cunha@email.com', '11933221100', '1985-12-31', '66778889990'),
(37, 'Raquel Almeida', 'raquel.almeida@email.com', '21922110099', '1990-10-08', '77889990001'),
(38, 'Bruno Guimarães Alves', 'brunoguial@gmail.com', '61999426906', '2005-12-18', '00000000001'),
(39, 'Tereza Cristina Alves Guimarães', 'dfcris@hotmail.com','61999999999', '1976-08-06', '00000000002'),
(40, 'Lucio Antunes Alves', 'lucioantunesalves@gmail.com', '61999999990', '1968-10-10', '00000000003');

-- Tabela Movimentação --
INSERT INTO movimentacao VALUES 
(1, '2025-05-02', '08:43:00', '2025-05-09', NULL, 'reservado', 0.00, 31, 30, 2),
(2, '2025-05-02', '16:28:00', '2025-05-09', NULL, 'reservado', 0.00, 27, 14, 2),
(3, '2025-05-02', '17:22:00', '2025-05-09', '2025-05-10', 'emprestado', 100.00, 17, 17, 1),
(4, '2025-05-10', '09:42:00', '2025-05-17', '2025-05-17', 'emprestado', 0.00, 25, 2, 1),
(5, '2025-05-10', '17:00:00', '2025-05-17', NULL, 'reservado', 0.00, 20, 32, 2),
(6, '2025-05-05', '15:53:00', '2025-05-12', '2025-05-14', 'emprestado', 100.00, 33, 6, 1),
(7, '2025-05-09', '10:32:00', '2025-05-16', NULL, 'reservado', 0.00, 1, 2, 2),
(8, '2025-05-01', '12:01:00', '2025-05-08', '2025-05-08', 'emprestado', 0.00, 28, 4, 1),
(9, '2025-05-08', '08:26:00', '2025-05-15', NULL, 'reservado', 0.00, 39, 12, 2),
(10, '2025-05-01', '12:21:00', '2025-05-08', '2025-05-08', 'emprestado', 0.00, 13, 5, 1),
(11, '2025-05-10', '10:18:00', '2025-05-17', NULL, 'reservado', 0.00, 8, 31, 2),
(12, '2025-05-01', '09:02:00', '2025-05-08', '2025-05-10', 'emprestado', 100.00, 20, 34, 1),
(13, '2025-05-06', '14:39:00', '2025-05-13', '2025-05-15', 'emprestado', 100.00, 9, 37, 1),
(14, '2025-05-01', '12:43:00', '2025-05-08', '2025-05-08', 'emprestado', 0.00, 10, 26, 1),
(15, '2025-05-03', '17:33:00', '2025-05-10', NULL, 'reservado', 0.00, 36, 6, 2),
(16, '2025-05-06', '10:12:00', '2025-05-13', '2025-05-13', 'emprestado', 0.00, 16, 3, 1),
(17, '2025-05-09', '15:00:00', '2025-05-16', NULL, 'reservado', 0.00, 23, 17, 2),
(18, '2025-05-01', '12:39:00', '2025-05-08', '2025-05-08', 'emprestado', 0.00, 4, 7, 1),
(19, '2025-05-04', '11:10:00', '2025-05-11', '2025-05-14', 'emprestado', 100.00, 29, 4, 1),
(20, '2025-05-05', '17:51:00', '2025-05-12', NULL, 'reservado', 0.00, 38, 9, 2),
(21, '2025-05-07', '14:00:00', '2025-05-14', '2025-05-15', 'emprestado', 100.00, 11, 28, 1),
(22, '2025-05-02', '08:10:00', '2025-05-09', NULL, 'reservado', 0.00, 32, 1, 2),
(23, '2025-05-06', '09:33:00', '2025-05-13', '2025-05-13', 'emprestado', 0.00, 3, 10, 1),
(24, '2025-05-05', '12:25:00', '2025-05-12', NULL, 'reservado', 0.00, 18, 38, 2),
(25, '2025-05-03', '14:40:00', '2025-05-10', '2025-05-11', 'emprestado', 100.00, 7, 21, 1),
(26, '2025-05-04', '13:15:00', '2025-05-11', '2025-05-11', 'emprestado', 0.00, 6, 13, 1),
(27, '2025-05-02', '15:10:00', '2025-05-09', NULL, 'reservado', 0.00, 2, 16, 2),
(28, '2025-05-03', '16:20:00', '2025-05-10', '2025-05-13', 'emprestado', 100.00, 15, 18, 1),
(29, '2025-05-06', '10:50:00', '2025-05-13', '2025-05-13', 'emprestado', 0.00, 5, 25, 1),
(30, '2025-05-01', '13:42:00', '2025-05-08', NULL, 'reservado', 0.00, 12, 15, 2),
(31, '2025-05-04', '14:25:00', '2025-05-11', '2025-05-14', 'emprestado', 100.00, 21, 29, 1),
(32, '2025-05-08', '09:59:00', '2025-05-15', '2025-05-15', 'emprestado', 0.00, 19, 33, 1),
(33, '2025-05-09', '17:30:00', '2025-05-16', NULL, 'reservado', 0.00, 35, 19, 2),
(34, '2025-05-07', '11:21:00', '2025-05-14', '2025-05-15', 'emprestado', 100.00, 34, 8, 1),
(35, '2025-05-03', '08:36:00', '2025-05-10', '2025-05-10', 'emprestado', 0.00, 22, 11, 1),
(36, '2025-05-01', '10:05:00', '2025-05-08', NULL, 'reservado', 0.00, 24, 22, 2),
(37, '2025-05-06', '13:45:00', '2025-05-13', '2025-05-16', 'emprestado', 100.00, 26, 35, 1),
(38, '2025-05-08', '15:28:00', '2025-05-15', '2025-05-15', 'emprestado', 0.00, 38, 36, 1),
(39, '2025-05-10', '16:40:00', '2025-05-17', NULL, 'reservado', 0.00, 39, 20, 2),
(40, '2025-05-01', '09:15:00', '2025-05-08', '2025-05-09', 'emprestado', 100.00, 40, 27, 1);
