USE biblioteca;

-- Tabela Tipo Movimentação --
INSERT INTO tipo_mov (id_tipo, tipo) VALUES
  (1, 'EMPRESTIMO'),
  (2, 'RESERVA');

-- Tabela Genero --
INSERT INTO genero (id_genero, genero) VALUES
(1, 'Fantasia'),
(2, 'Romance'),
(3, 'Mistério'),
(4, 'Ficção Científica'),
(5, 'Drama'),
(6, 'Aventura'),
(7, 'Terror'),
(8, 'Suspense'),
(9, 'Clássico'),
(10, 'Biografia');

-- Tabela Autor --
INSERT INTO autor (id_autor, nome, nacionalidade, dt_nascimento, livros_publicados) VALUES
(1, 'J.K. Rowling', 'Britânica', '1965-07-31', 15),
(2, 'George R.R. Martin', 'Americano', '1948-09-20', 20),
(3, 'J.R.R. Tolkien', 'Britânico', '1892-01-03', 25),
(4, 'Agatha Christie', 'Britânica', '1890-09-15', 85),
(5, 'Stephen King', 'Americano', '1947-09-21', 65),
(6, 'Machado de Assis', 'Brasileiro', '1839-06-21', 30),
(7, 'Paulo Coelho', 'Brasileiro', '1947-08-24', 25),
(8, 'Dan Brown', 'Americano', '1964-06-22', 10),
(9, 'Isaac Asimov', 'Russo-Americano', '1920-01-02', 50),
(10, 'Clarice Lispector', 'Brasileira', '1920-12-10', 15),
(11, 'José Saramago', 'Português', '1922-11-16', 30),
(12, 'Haruki Murakami', 'Japonês', '1949-01-12', 20),
(13, 'Gabriel García Márquez', 'Colombiano', '1927-03-06', 25),
(14, 'Franz Kafka', 'Tcheco', '1883-07-03', 10),
(15, 'Jane Austen', 'Britânica', '1775-12-16', 8),
(16, 'Victor Hugo', 'Francês', '1802-02-26', 20),
(17, 'Mary Shelley', 'Britânica', '1797-08-30', 6),
(18, 'Emily Brontë', 'Britânica', '1818-07-30', 4),
(19, 'Leonardo Padura', 'Cubano', '1955-10-09', 12),
(20, 'Neil Gaiman', 'Britânico', '1960-11-10', 25),
(21, 'Suzanne Collins', 'Americana', '1962-08-10', 10),
(22, 'Rick Riordan', 'Americano', '1964-06-05', 25),
(23, 'John Green', 'Americano', '1977-08-24', 8),
(24, 'Margaret Atwood', 'Canadense', '1939-11-18', 40),
(25, 'Philip K. Dick', 'Americano', '1928-12-16', 30),
(26, 'Lev Tolstói', 'Russo', '1828-09-09', 48),
(27, 'Dostoiévski', 'Russo', '1821-11-11', 35),
(28, 'Chimamanda Adichie', 'Nigeriana', '1977-09-15', 10),
(29, 'Colleen Hoover', 'Americana', '1979-12-11', 12),
(30, 'Lygia Fagundes Telles', 'Brasileira', '1923-04-19', 15);

-- Tabela Livro --
INSERT INTO livro (id_livro, titulo, descricao, id_autor, id_genero, disponibilidade, num_pag) VALUES
(1, 'Harry Potter e a Pedra Filosofal', 'Um jovem bruxo descobre seu destino em uma escola de magia.', 1, 1, 4, 320),
(2, 'A Guerra dos Tronos', 'Nobres lutam pelo trono em um mundo repleto de intrigas e dragões.', 2, 1, 2, 694),
(3, 'O Senhor dos Anéis', 'Um hobbit embarca em uma jornada para destruir um anel poderoso.', 3, 1, 3, 1178),
(4, 'Assassinato no Expresso do Oriente', 'Um detetive investiga um assassinato em um trem de luxo.', 4, 3, 1, 256),
(5, 'O Iluminado', 'Uma família isolada em um hotel é atormentada por forças sombrias.', 5, 7, 5, 512),
(6, 'Dom Casmurro', 'Um homem relembra seu passado e o possível adultério de sua esposa.', 6, 9, 2, 256),
(7, 'O Alquimista', 'Um jovem pastor viaja em busca de um tesouro e encontra seu destino.', 7, 2, 3, 208),
(8, 'O Código Da Vinci', 'Um simbologista desvenda um mistério ligado ao Santo Graal.', 8, 8, 4, 480),
(9, 'Fundação', 'Uma organização científica tenta preservar o conhecimento da humanidade.', 9, 4, 3, 296),
(10, 'A Hora da Estrela', 'A vida simples e triste de uma nordestina no Rio de Janeiro.', 10, 5, 2, 96),
(11, 'Ensaio sobre a Cegueira', 'Uma epidemia de cegueira revela o lado mais cruel da humanidade.', 11, 5, 2, 320),
(12, 'Kafka à Beira-Mar', 'Dois personagens vivem histórias paralelas cheias de simbolismo.', 12, 4, 1, 512),
(13, 'Cem Anos de Solidão', 'A saga de uma família ao longo de várias gerações em Macondo.', 13, 5, 3, 416),
(14, 'A Metamorfose', 'Um homem acorda transformado em um inseto gigante.', 14, 9, 2, 128),
(15, 'Orgulho e Preconceito', 'Um romance clássico sobre mal-entendidos e amor na Inglaterra.', 15, 2, 4, 279),
(16, 'Os Miseráveis', 'A história de redenção de um ex-prisioneiro na França do século XIX.', 16, 9, 3, 1488),
(17, 'Frankenstein', 'Um cientista cria uma criatura que foge ao seu controle.', 17, 7, 2, 280),
(18, 'O Morro dos Ventos Uivantes', 'Um amor intenso e destrutivo marca a vida de duas famílias.', 18, 2, 2, 416),
(19, 'O Homem que Amava os Cachorros', 'Um escritor conhece um homem que diz ter matado Trotsky.', 19, 10, 3, 576),
(20, 'Deuses Americanos', 'Um ex-presidiário entra em um mundo de deuses antigos e novos.', 20, 1, 1, 624),
(21, 'Jogos Vorazes', 'Uma jovem luta pela sobrevivência em uma arena televisiva.', 21, 4, 4, 398),
(22, 'O Ladrão de Raios', 'Um garoto descobre ser filho de um deus grego e enfrenta perigos.', 22, 1, 3, 400),
(23, 'A Culpa é das Estrelas', 'Dois adolescentes com câncer vivem uma história de amor.', 23, 2, 2, 313),
(24, 'O Conto da Aia', 'Uma mulher luta por liberdade em um regime totalitário.', 24, 4, 2, 320),
(25, 'Androides Sonham com Ovelhas Elétricas?', 'Um caçador de recompensas persegue androides em um futuro sombrio.', 25, 4, 3, 256),
(26, 'Guerra e Paz', 'Um épico sobre a Rússia durante as guerras napoleônicas.', 26, 9, 2, 1225),
(27, 'Crime e Castigo', 'Um jovem comete um assassinato e enfrenta suas consequências.', 27, 9, 2, 576),
(28, 'Americanah', 'Uma mulher nigeriana enfrenta os desafios da imigração e da identidade.', 28, 2, 3, 520),
(29, 'É Assim que Acaba', 'Uma mulher precisa lidar com traumas do passado e um novo amor.', 29, 5, 4, 384),
(30, 'As Meninas', 'Três jovens mulheres vivem suas angústias durante a ditadura.', 30, 5, 2, 280);

-- Tabela Usuário --
INSERT INTO usuario (id_usuario, nome, email, telefone, dt_nascimento, cpf) VALUES
(1, 'Valentina Pires', 'valentina.pires@example.com', '31987654321', '1985-04-12', '123.456.789-00'),
(2, 'Fernando da Rosa', 'fernando.rosa@example.com', '21991234567', '1990-01-06', '234.567.890-11'),
(3, 'Juliana Martins', 'juliana.martins@example.com', '11987654321', '1982-08-25', '345.678.901-22'),
(4, 'Carlos Henrique', 'carlos.henrique@example.com', '11993456789', '1978-03-10', '456.789.012-33'),
(5, 'Renata Souza', 'renata.souza@example.com', '31986543210', '1995-07-17', '567.890.123-44'),
(6, 'Rafael Lima', 'rafael.lima@example.com', '21987654321', '1988-11-03', '678.901.234-55'),
(7, 'Beatriz Carvalho', 'beatriz.carvalho@example.com', '11991234567', '1992-02-27', '789.012.345-66'),
(8, 'Lucas Almeida', 'lucas.almeida@example.com', '11992345678', '1986-05-15', '890.123.456-77'),
(9, 'Patrícia Ramos', 'patricia.ramos@example.com', '21993456789', '1991-12-30', '901.234.567-88'),
(10, 'Tiago Ferreira', 'tiago.ferreira@example.com', '31987654321', '1983-09-21', '012.345.678-99'),
(11, 'Mariana Lopes', 'mariana.lopes@example.com', '11987654321', '1990-06-11', '111.222.333-44'),
(12, 'Gabriel Moreira', 'gabriel.moreira@example.com', '21991234567', '1987-10-09', '222.333.444-55'),
(13, 'Amanda Rocha', 'amanda.rocha@example.com', '11993456789', '1984-01-29', '333.444.555-66'),
(14, 'Eduardo Costa', 'eduardo.costa@example.com', '31986543210', '1993-08-06', '444.555.666-77'),
(15, 'Larissa Silva', 'larissa.silva@example.com', '21987654321', '1980-05-18', '555.666.777-88'),
(16, 'Vinícius Melo', 'vinicius.melo@example.com', '11991234567', '1996-03-14', '666.777.888-99'),
(17, 'Aline Cunha', 'aline.cunha@example.com', '11992345678', '1981-07-23', '777.888.999-00'),
(18, 'André Barbosa', 'andre.barbosa@example.com', '21993456789', '1989-04-07', '888.999.000-11'),
(19, 'Letícia Nunes', 'leticia.nunes@example.com', '31987654321', '1994-12-02', '999.000.111-22'),
(20, 'Marcelo Vieira', 'marcelo.vieira@example.com', '11987654321', '1982-11-16', '000.111.222-33'),
(21, 'Tatiane Borges', 'tatiane.borges@example.com', '21991234567', '1991-09-08', '111.222.333-00'),
(22, 'João Pedro Leite', 'joao.leite@example.com', '11993456789', '1987-06-19', '222.333.444-11'),
(23, 'Camila Andrade', 'camila.andrade@example.com', '31986543210', '1983-02-04', '333.444.555-22'),
(24, 'Fábio Teixeira', 'fabio.teixeira@example.com', '21987654321', '1992-01-27', '444.555.666-33'),
(25, 'Isabela Pinto', 'isabela.pinto@example.com', '11991234567', '1985-08-13', '555.666.777-44'),
(26, 'Ricardo Neves', 'ricardo.neves@example.com', '11992345678', '1990-04-20', '666.777.888-55'),
(27, 'Daniela Farias', 'daniela.farias@example.com', '21993456789', '1986-10-01', '777.888.999-66'),
(28, 'Murilo Monteiro', 'murilo.monteiro@example.com', '31987654321', '1988-12-22', '888.999.000-77'),
(29, 'Natália Ribeiro', 'natalia.ribeiro@example.com', '11987654321', '1993-05-09', '999.000.111-88'),
(30, 'Henrique Castro', 'henrique.castro@example.com', '21991234567', '1981-03-26', '000.111.222-99'),
(31, 'Bruno Guimarães Alves', 'brunoguial@gmail.com', '61999426906', '2005-12-18', '000.000.000-01'),
(32, 'Tereza Cristina Alves Guimarães', 'dfcris@hotmail.com','61999999999', '1976-08-06', '000.000.000-02'),
(33, 'Lucio Antunes Alves', 'lucioantunesalves@gmail.com', '61999999990', '1968-10-10', '000.000.000-02');

-- Tabela Movimentação --
INSERT INTO movimentacao (id_mov, dt_mov, hora_mov, dt_dev_prev, dt_dev_real, status, multa, id_usuario, id_livro, id_tipo) VALUES
(1, '2025-04-01', '10:00:00', '2025-04-08', '2025-04-08', 'emprestado', 0.00, 1, 1, 1),
(2, '2025-04-02', '14:30:00', '2025-04-09', '2025-04-11', 'emprestado', 100.00, 2, 2, 1),
(3, '2025-04-03', '09:45:00', NULL, NULL, 'reservado', 0.00, 3, 3, 2),
(4, '2025-04-04', '16:20:00', '2025-04-11', '2025-04-11', 'emprestado', 0.00, 4, 4, 1),
(5, '2025-04-05', '11:15:00', '2025-04-12', '2025-04-15', 'emprestado', 100.00, 5, 5, 1),
(6, '2025-04-06', '13:10:00', NULL, NULL, 'reservado', 0.00, 6, 6, 2),
(7, '2025-04-07', '15:50:00', '2025-04-14', '2025-04-14', 'emprestado', 0.00, 7, 7, 1),
(8, '2025-04-08', '08:40:00', '2025-04-15', '2025-04-17', 'emprestado', 100.00, 8, 8, 1),
(9, '2025-04-09', '17:00:00', NULL, NULL, 'reservado', 0.00, 9, 9, 2),
(10, '2025-04-10', '12:00:00', '2025-04-17', '2025-04-17', 'emprestado', 0.00, 10, 10, 1),
(11, '2025-04-11', '09:30:00', '2025-04-18', '2025-04-21', 'emprestado', 100.00, 11, 1, 1),
(12, '2025-04-12', '10:50:00', NULL, NULL, 'reservado', 0.00, 12, 2, 2),
(13, '2025-04-13', '13:25:00', '2025-04-20', '2025-04-20', 'emprestado', 0.00, 13, 3, 1),
(14, '2025-04-14', '14:15:00', '2025-04-21', '2025-04-23', 'emprestado', 100.00, 14, 4, 1),
(15, '2025-04-15', '11:05:00', NULL, NULL, 'reservado', 0.00, 15, 5, 2),
(16, '2025-04-16', '16:00:00', '2025-04-23', '2025-04-23', 'emprestado', 0.00, 16, 6, 1),
(17, '2025-04-17', '12:45:00', '2025-04-24', '2025-04-28', 'emprestado', 100.00, 17, 7, 1),
(18, '2025-04-18', '10:30:00', NULL, NULL, 'reservado', 0.00, 18, 8, 2),
(19, '2025-04-19', '14:00:00', '2025-04-26', '2025-04-26', 'emprestado', 0.00, 19, 9, 1),
(20, '2025-04-20', '13:20:00', '2025-04-27', '2025-04-30', 'emprestado', 100.00, 20, 10, 1),
(21, '2025-04-21', '09:10:00', NULL, NULL, 'reservado', 0.00, 21, 1, 2),
(22, '2025-04-22', '15:10:00', '2025-04-29', '2025-04-29', 'emprestado', 0.00, 22, 2, 1),
(23, '2025-04-23', '10:00:00', '2025-04-30', '2025-05-02', 'emprestado', 100.00, 23, 3, 1),
(24, '2025-04-24', '11:30:00', NULL, NULL, 'reservado', 0.00, 24, 4, 2),
(25, '2025-04-25', '12:15:00', '2025-05-02', '2025-05-02', 'emprestado', 0.00, 25, 5, 1),
(26, '2025-04-26', '16:45:00', '2025-05-03', '2025-05-06', 'emprestado', 100.00, 26, 6, 1),
(27, '2025-04-27', '14:35:00', NULL, NULL, 'reservado', 0.00, 27, 7, 2),
(28, '2025-04-28', '13:50:00', '2025-05-05', '2025-05-05', 'emprestado', 0.00, 28, 8, 1),
(29, '2025-04-29', '09:55:00', '2025-05-06', '2025-05-10', 'emprestado', 100.00, 29, 9, 1),
(30, '2025-04-30', '11:40:00', NULL, NULL, 'reservado', 0.00, 30, 10, 2),
(31, '2025-05-02', '14:56:00', '2025-05-09', NULL, 'emprestado', 0.00, 31, 1, 1),
(32, '2025-04-25', '14:56:00', '2025-05-01', '2025-05-02', 'emprestado', 100.00, 32, 25, 1),
(33, '2025-05-02', '14:56:00', '2025-05-09', NULL, 'emprestado', 0.00, 33, 30, 1);
